{"cameraMode":{"drawMode":0,"name":"Shaded","section":"Shading Mode"},"sceneLighting":false,"audioPlay":false,"sceneViewState":{"showFog":false,"showMaterialUpdate":false,"showSkybox":false,"showFlares":false,"showImageEffects":false,"showParticleSystems":false},"in2DMode":false,"pivot":{"x":-9.595821380615235,"y":-37.805843353271487,"z":-22.359256744384767},"rotation":{"x":0.08472289144992829,"y":-0.9136016368865967,"z":0.250781387090683,"w":0.3086467385292053},"size":110.16128540039063,"orthographic":false}